[
  {
    "timestamp": "2025-07-12T06:57:23.530Z",
    "senderId": "917763824404@s.whatsapp.net",
    "senderName": "Faiz Ahmad",
    "message": "Hi"
  },
  {
    "timestamp": "2025-07-12T06:57:34.734Z",
    "senderId": "919936046279@s.whatsapp.net",
    "senderName": "Nitin",
    "message": "Hello"
  },
  {
    "timestamp": "2025-07-12T06:57:47.325Z",
    "senderId": "919936046279@s.whatsapp.net",
    "senderName": "Nitin",
    "message": "Can i touch you rohit?"
  },
  {
    "timestamp": "2025-07-12T07:00:00.762Z",
    "senderId": "917763824404@s.whatsapp.net",
    "senderName": "Faiz Ahmad",
    "message": "Randi"
  },
  {
    "timestamp": "2025-07-12T07:00:59.462Z",
    "senderId": "917763824404@s.whatsapp.net",
    "senderName": "Faiz Ahmad",
    "message": "@917717766954 randi"
  },
  {
    "timestamp": "2025-07-12T07:01:02.097Z",
    "senderId": "917763824404@s.whatsapp.net",
    "senderName": "Faiz Ahmad",
    "message": "Hi"
  },
  {
    "timestamp": "2025-07-12T07:09:08.933Z",
    "senderId": "917763824404@s.whatsapp.net",
    "senderName": "Faiz Ahmad",
    "message": "Acha hai"
  },
  {
    "timestamp": "2025-07-12T07:09:17.696Z",
    "senderId": "917763824404@s.whatsapp.net",
    "senderName": "Faiz Ahmad",
    "message": "Hi"
  },
  {
    "timestamp": "2025-07-12T07:16:47.750Z",
    "senderId": "917763824404@s.whatsapp.net",
    "senderName": "Faiz Ahmad",
    "message": "bsdk"
  },
  {
    "timestamp": "2025-07-12T07:17:30.830Z",
    "senderId": "917763824404@s.whatsapp.net",
    "senderName": "Faiz Ahmad",
    "message": "how are you arunav"
  },
  {
    "timestamp": "2025-07-12T07:17:54.348Z",
    "senderId": "917763824404@s.whatsapp.net",
    "senderName": "Faiz Ahmad",
    "message": "hi"
  },
  {
    "timestamp": "2025-07-12T07:17:54.799Z",
    "senderId": "917763824404@s.whatsapp.net",
    "senderName": "Faiz Ahmad",
    "message": "hi"
  },
  {
    "timestamp": "2025-07-12T07:17:55.180Z",
    "senderId": "917763824404@s.whatsapp.net",
    "senderName": "Faiz Ahmad",
    "message": "hi"
  },
  {
    "timestamp": "2025-07-12T07:17:55.505Z",
    "senderId": "917763824404@s.whatsapp.net",
    "senderName": "Faiz Ahmad",
    "message": "h"
  },
  {
    "timestamp": "2025-07-12T07:17:55.818Z",
    "senderId": "917763824404@s.whatsapp.net",
    "senderName": "Faiz Ahmad",
    "message": "ih"
  },
  {
    "timestamp": "2025-07-12T07:17:56.143Z",
    "senderId": "917763824404@s.whatsapp.net",
    "senderName": "Faiz Ahmad",
    "message": "ih"
  },
  {
    "timestamp": "2025-07-12T07:17:56.478Z",
    "senderId": "917763824404@s.whatsapp.net",
    "senderName": "Faiz Ahmad",
    "message": "hi"
  },
  {
    "timestamp": "2025-07-12T07:17:56.782Z",
    "senderId": "917763824404@s.whatsapp.net",
    "senderName": "Faiz Ahmad",
    "message": "ih"
  },
  {
    "timestamp": "2025-07-12T07:18:03.347Z",
    "senderId": "919936046279@s.whatsapp.net",
    "senderName": "Nitin",
    "message": "Hello"
  },
  {
    "timestamp": "2025-07-12T07:18:11.857Z",
    "senderId": "919936046279@s.whatsapp.net",
    "senderName": "Nitin",
    "message": "Whats up twin?"
  },
  {
    "timestamp": "2025-07-12T07:18:17.540Z",
    "senderId": "919936046279@s.whatsapp.net",
    "senderName": "Nitin",
    "message": "Hey"
  },
  {
    "timestamp": "2025-07-12T07:18:22.605Z",
    "senderId": "919936046279@s.whatsapp.net",
    "senderName": "Nitin",
    "message": "Hey"
  },
  {
    "timestamp": "2025-07-12T07:18:23.378Z",
    "senderId": "919936046279@s.whatsapp.net",
    "senderName": "Nitin",
    "message": "Hey"
  },
  {
    "timestamp": "2025-07-12T07:18:24.058Z",
    "senderId": "919936046279@s.whatsapp.net",
    "senderName": "Nitin",
    "message": "Hey"
  },
  {
    "timestamp": "2025-07-12T07:18:24.949Z",
    "senderId": "919936046279@s.whatsapp.net",
    "senderName": "Nitin",
    "message": "Hey"
  },
  {
    "timestamp": "2025-07-12T07:23:34.559Z",
    "senderId": "919936046279@s.whatsapp.net",
    "senderName": "Nitin",
    "message": "Hey"
  },
  {
    "timestamp": "2025-07-12T07:24:19.086Z",
    "senderId": "917763824404@s.whatsapp.net",
    "senderName": "Faiz Ahmad",
    "message": "Hi"
  },
  {
    "timestamp": "2025-07-12T07:34:52.172Z",
    "senderId": "919936046279@s.whatsapp.net",
    "senderName": "Nitin",
    "message": "Hii"
  },
  {
    "timestamp": "2025-07-12T07:34:59.798Z",
    "senderId": "919936046279@s.whatsapp.net",
    "senderName": "Nitin",
    "message": "Hey"
  },
  {
    "timestamp": "2025-07-12T07:35:04.712Z",
    "senderId": "919936046279@s.whatsapp.net",
    "senderName": "Nitin",
    "message": "Hello"
  },
  {
    "timestamp": "2025-07-12T07:35:12.787Z",
    "senderId": "919936046279@s.whatsapp.net",
    "senderName": "Nitin",
    "message": "Hello"
  },
  {
    "timestamp": "2025-07-12T08:16:47.392Z",
    "senderId": "919266544166@s.whatsapp.net",
    "senderName": "The Bro Thing",
    "message": "Hi"
  },
  {
    "timestamp": "2025-07-12T08:17:41.747Z",
    "senderId": "919266544166@s.whatsapp.net",
    "senderName": "The Bro Thing",
    "message": "So i think my profile shadow banned not getting mathes these days"
  },
  {
    "timestamp": "2025-07-12T08:18:22.234Z",
    "senderId": "919266544166@s.whatsapp.net",
    "senderName": "The Bro Thing",
    "message": "Can you be more specific?"
  },
  {
    "timestamp": "2025-07-12T08:21:54.053Z",
    "senderId": "919266544166@s.whatsapp.net",
    "senderName": "The Bro Thing",
    "message": "What should be my first msg?"
  },
  {
    "timestamp": "2025-07-12T08:22:21.626Z",
    "senderId": "919266544166@s.whatsapp.net",
    "senderName": "The Bro Thing",
    "message": "Give me examples"
  },
  {
    "timestamp": "2025-07-12T08:59:41.940Z",
    "senderId": "919266544166@s.whatsapp.net",
    "senderName": "The Bro Thing",
    "message": "Hi"
  },
  {
    "timestamp": "2025-07-12T09:00:09.941Z",
    "senderId": "919266544166@s.whatsapp.net",
    "senderName": "The Bro Thing",
    "message": "Okay"
  },
  {
    "timestamp": "2025-07-12T09:03:44.701Z",
    "senderId": "919266544166@s.whatsapp.net",
    "senderName": "The Bro Thing",
    "message": "Hi"
  },
  {
    "timestamp": "2025-07-12T09:03:59.331Z",
    "senderId": "919266544166@s.whatsapp.net",
    "senderName": "The Bro Thing",
    "message": "Checking"
  },
  {
    "timestamp": "2025-07-12T09:04:35.437Z",
    "senderId": "919266544166@s.whatsapp.net",
    "senderName": "The Bro Thing",
    "message": "Are u up?"
  },
  {
    "timestamp": "2025-07-12T09:05:00.832Z",
    "senderId": "919266544166@s.whatsapp.net",
    "senderName": "The Bro Thing",
    "message": "Oh"
  },
  {
    "timestamp": "2025-07-12T09:05:14.488Z",
    "senderId": "919266544166@s.whatsapp.net",
    "senderName": "The Bro Thing",
    "message": "So how to get ff?"
  },
  {
    "timestamp": "2025-07-12T09:08:13.212Z",
    "senderId": "110299541721157@lid",
    "senderName": "Bright Scholarship",
    "message": "*Erasmus Mundus Scholarship Program 2026 in Europe (Fully Funded)*\n\nProvided by: European Union\nDegree level: Masters Degree\nScholarship coverage: Fully Funded\nEligible nationality: All Nationalities\nAward country: European Countries\nLast Date: Opened Now\n\n*Apply Link:* https://brightscholarship.com/erasmus-mundus-scholarship-program-2026/\n\n#BrightScholarship #FullyFunded #Scholarship #Europe"
  },
  {
    "timestamp": "2025-07-12T09:13:10.859Z",
    "senderId": "919266544166@s.whatsapp.net",
    "senderName": "The Bro Thing",
    "message": "I match a girl what should i say?"
  },
  {
    "timestamp": "2025-07-12T09:13:58.233Z",
    "senderId": "919266544166@s.whatsapp.net",
    "senderName": "The Bro Thing",
    "message": "She have mountains pics"
  },
  {
    "timestamp": "2025-07-12T09:15:16.123Z",
    "senderId": "917759015771@s.whatsapp.net",
    "senderName": "Sonu Kumar",
    "message": "Chalu kar digiye…. Payment bhej de ge"
  },
  {
    "timestamp": "2025-07-12T09:16:13.079Z",
    "senderId": "917759015771@s.whatsapp.net",
    "senderName": "Sonu Kumar",
    "message": "Avi payment ka esu hai"
  },
  {
    "timestamp": "2025-07-12T09:23:16.644Z",
    "senderId": "918948840502@s.whatsapp.net",
    "senderName": "Ritvik",
    "message": "https://meet.google.com/zsd-xrsj-dsv @918369538272"
  },
  {
    "timestamp": "2025-07-12T09:27:08.422Z",
    "senderId": "919266544166@s.whatsapp.net",
    "senderName": "The Bro Thing",
    "message": "Hi"
  },
  {
    "timestamp": "2025-07-12T09:27:27.916Z",
    "senderId": "919266544166@s.whatsapp.net",
    "senderName": "The Bro Thing",
    "message": "I mached with a girl priya"
  },
  {
    "timestamp": "2025-07-12T09:27:48.188Z",
    "senderId": "919266544166@s.whatsapp.net",
    "senderName": "The Bro Thing",
    "message": "But what should i msg her first?"
  },
  {
    "timestamp": "2025-07-12T09:29:29.079Z",
    "senderId": "919266544166@s.whatsapp.net",
    "senderName": "The Bro Thing",
    "message": "She sends me lauging emoji"
  },
  {
    "timestamp": "2025-07-12T09:30:25.373Z",
    "senderId": "919266544166@s.whatsapp.net",
    "senderName": "The Bro Thing",
    "message": "She is asking general question like from where you are stuff like that"
  },
  {
    "timestamp": "2025-07-12T09:31:01.520Z",
    "senderId": "919266544166@s.whatsapp.net",
    "senderName": "The Bro Thing",
    "message": "She says that’s why asking your city"
  },
  {
    "timestamp": "2025-07-12T09:35:03.231Z",
    "senderId": "917759015771@s.whatsapp.net",
    "senderName": "Sonu Kumar",
    "message": "Ho Gaya chalu"
  },
  {
    "timestamp": "2025-07-12T09:35:52.213Z",
    "senderId": "919155343444@s.whatsapp.net",
    "senderName": "Reena Lalan Singh Mukhiya",
    "message": "Are Yar kar do yrrr"
  },
  {
    "timestamp": "2025-07-12T09:36:02.057Z",
    "senderId": "919155343444@s.whatsapp.net",
    "senderName": "Reena Lalan Singh Mukhiya",
    "message": "Kahe ase krta hai"
  },
  {
    "timestamp": "2025-07-12T09:36:46.432Z",
    "senderId": "919266544166@s.whatsapp.net",
    "senderName": "The Bro Thing",
    "message": "Hi"
  },
  {
    "timestamp": "2025-07-12T09:36:55.204Z",
    "senderId": "919266544166@s.whatsapp.net",
    "senderName": "The Bro Thing",
    "message": "Hi"
  },
  {
    "timestamp": "2025-07-12T09:37:11.994Z",
    "senderId": "919266544166@s.whatsapp.net",
    "senderName": "The Bro Thing",
    "message": "Im man"
  },
  {
    "timestamp": "2025-07-12T09:37:26.814Z",
    "senderId": "919266544166@s.whatsapp.net",
    "senderName": "The Bro Thing",
    "message": "My name is srk"
  },
  {
    "timestamp": "2025-07-12T09:37:37.300Z",
    "senderId": "919266544166@s.whatsapp.net",
    "senderName": "The Bro Thing",
    "message": "Yes"
  },
  {
    "timestamp": "2025-07-12T09:37:51.576Z",
    "senderId": "919266544166@s.whatsapp.net",
    "senderName": "The Bro Thing",
    "message": "What is my name?"
  },
  {
    "timestamp": "2025-07-12T09:38:40.995Z",
    "senderId": "919266544166@s.whatsapp.net",
    "senderName": "The Bro Thing",
    "message": "But i said my name is srk so only call me srk from now on"
  },
  {
    "timestamp": "2025-07-12T09:38:58.332Z",
    "senderId": "919266544166@s.whatsapp.net",
    "senderName": "The Bro Thing",
    "message": "What’s my name?"
  },
  {
    "timestamp": "2025-07-12T09:40:02.018Z",
    "senderId": "919266544166@s.whatsapp.net",
    "senderName": "The Bro Thing",
    "message": "Good"
  },
  {
    "timestamp": "2025-07-12T09:42:25.148Z",
    "senderId": "917004782227@s.whatsapp.net",
    "senderName": "Rupesh",
    "message": "आग से लड़ना आसान नहीं,\nपर तैयारी है तो होगा नुकसान में कमी\nआग से लड़ना कभी आसान नहीं होता, लेकिन अगर पहले से तैयारी की जाए तो जान-माल की हानि को काफी हद तक कम किया जा सकता है।\n\n#fireprevention #biharfireservice #weservetosave #fireawareness"
  },
  {
    "timestamp": "2025-07-12T09:50:32.813Z",
    "senderId": "917717766954@s.whatsapp.net",
    "senderName": "Rohit Sharma",
    "message": "Hi"
  },
  {
    "timestamp": "2025-07-12T09:50:55.034Z",
    "senderId": "917717766954@s.whatsapp.net",
    "senderName": "Rohit Sharma",
    "message": "Great it’s now config with right no"
  }
]
